Workbook

Sheet Abilities
A1: ID | B1: Tree | C1: Branch | D1: Tier | E1: Mastery Required | F1: Ability | G1: Role | H1: Prerequisites | I1: Item Type | J1: Taught By | K1: Scales With | L1: Effect | M1: Targeting | N1: Targeting Details | O1: Cooldown (s) | P1: Mastery on Learn | Q1: Mastery per Use | R1: Mastery Cap | S1: Mastery Contribution | T1: Notes
A2: F01 | B2: Fire | C2: Flame Martial | D2: 1 | E2: =B2&" Mastery "&INDEX(Tiers!$B$2:$B$6,MATCH(D2,Tiers!$A$2:$A$6,0)) -> Fire Mastery 0 | F2: Fire Punch | G2: Damage | H2: — | I2: Scroll | J2: Ember Fist Scroll | K2: Fire Mastery, Magic Atk | L2: Quick flaming jab on an adjacent enemy. | M2: Targeted | N2: Adjacent enemy. Locks on; can't miss. | O2: 2 | P2: 5 | Q2: 0.2 | R2: 50 | S2: +5 Fire Mastery when learned, +0.2 per use vs. enemies near your level, up to 50
A3: F02 | B3: Fire | C3: Flame Martial | D3: 1 | E3: =B3&" Mastery "&INDEX(Tiers!$B$2:$B$6,MATCH(D3,Tiers!$A$2:$A$6,0)) -> Fire Mastery 0 | F3: Fire Kick | G3: Damage | H3: — | I3: Scroll | J3: Cinder Kick Scroll | K3: Fire Mastery, Magic Atk | L3: Flaming kick on an adjacent enemy; applies a short burn. | M3: Targeted | N3: Adjacent enemy. Locks on; the burn always applies. | O3: 4 | P3: 5 | Q3: 0.2 | R3: 50 | S3: +5 Fire Mastery when learned, +0.2 per use vs. enemies near your level, up to 50
A4: F03 | B4: Fire | C4: Fire Blasts | D4: 1 | E4: =B4&" Mastery "&INDEX(Tiers!$B$2:$B$6,MATCH(D4,Tiers!$A$2:$A$6,0)) -> Fire Mastery 0 | F4: Fire Dart | G4: Damage | H4: — | I4: Scroll | J4: Spark Scroll | K4: Fire Mastery, Magic Atk | L4: Small bolt of flame, range 4. | M4: Skillshot | N4: Aim at an enemy within 4. Fast bolt at any angle; hits the first unit in its path. Very hard to dodge. | O4: 2 | P4: 5 | Q4: 0.2 | R4: 50 | S4: +5 Fire Mastery when learned, +0.2 per use vs. enemies near your level, up to 50
A5: F04 | B5: Fire | C5: Fire Blasts | D5: 1 | E5: =B5&" Mastery "&INDEX(Tiers!$B$2:$B$6,MATCH(D5,Tiers!$A$2:$A$6,0)) -> Fire Mastery 0 | F5: Kindle | G5: Self buff | H5: — | I5: Scroll | J5: Kindling Scroll | K5: Fire Mastery, Magic Atk | L5: Your next 3 fire abilities deal bonus damage. | M5: Self | N5: No target. | O5: 20 | P5: 5 | Q5: 0.4 | R5: 50 | S5: +5 Fire Mastery when learned, +0.4 per use vs. enemies near your level, up to 50
A6: F05 | B6: Fire | C6: Flame Martial | D6: 2 | E6: =B6&" Mastery "&INDEX(Tiers!$B$2:$B$6,MATCH(D6,Tiers!$A$2:$A$6,0)) -> Fire Mastery 150 | F6: Flame Dash | G6: Mobility | H6: Fire Kick | I6: Scroll | J6: Scroll of Burning Feet | K6: Fire Mastery, Magic Atk | L6: Dash up to 3 tiles on flaming feet, burning the tiles behind you. Charges: 1, +1 per 300 Fire Mastery. | M6: Ground | N6: Pick a tile up to 3 away in one of 8 directions. You dash in a straight line and stop early at walls, units or ledges you can't climb. | O6: 8 | P6: 10 | Q6: 0.3 | R6: 70 | S6: +10 Fire Mastery when learned, +0.3 per use vs. enemies near your level, up to 70
A7: F06 | B7: Fire | C7: Flame Martial | D7: 2 | E7: =B7&" Mastery "&INDEX(Tiers!$B$2:$B$6,MATCH(D7,Tiers!$A$2:$A$6,0)) -> Fire Mastery 150 | F7: Fire Whip | G7: Damage | H7: Fire Punch | I7: Scroll | J7: Lash of Embers Scroll | K7: Fire Mastery, Magic Atk | L7: Lash a straight line of 3 tiles. | M7: Skillshot | N7: Aim one of 8 directions. Instant 3-tile line; hits every enemy in it. | O7: 6 | P7: 10 | Q7: 0.3 | R7: 70 | S7: +10 Fire Mastery when learned, +0.3 per use vs. enemies near your level, up to 70
A8: F07 | B8: Fire | C8: Fire Blasts | D8: 2 | E8: =B8&" Mastery "&INDEX(Tiers!$B$2:$B$6,MATCH(D8,Tiers!$A$2:$A$6,0)) -> Fire Mastery 150 | F8: Fireball | G8: AoE damage | H8: Fire Dart | I8: Scroll | J8: Scroll of the Fireball | K8: Fire Mastery, Magic Atk | L8: Range 5; explodes on all tiles within 1 of the target. | M8: Ground | N8: Pick a tile within 5. The 3x3 blast area flashes for 0.4s before impact; step out to dodge. | O8: 8 | P8: 10 | Q8: 0.3 | R8: 70 | S8: +10 Fire Mastery when learned, +0.3 per use vs. enemies near your level, up to 70
A9: F08 | B9: Fire | C9: Fire Blasts | D9: 2 | E9: =B9&" Mastery "&INDEX(Tiers!$B$2:$B$6,MATCH(D9,Tiers!$A$2:$A$6,0)) -> Fire Mastery 150 | F9: Burning Ground | G9: AoE damage | H9: Fire Dart | I9: Scroll | J9: Scorched Earth Scroll | K9: Fire Mastery, Magic Atk | L9: Set a 3x3 area ablaze for 6s. | M9: Ground | N9: Pick a tile within 4. Zone appears instantly; enemies burn only while standing in it. | O9: 14 | P9: 10 | Q9: 0.6 | R9: 70 | S9: +10 Fire Mastery when learned, +0.6 per use vs. enemies near your level, up to 70
A10: F09 | B10: Fire | C10: Flame Martial | D10: 2 | E10: =B10&" Mastery "&INDEX(Tiers!$B$2:$B$6,MATCH(D10,Tiers!$A$2:$A$6,0)) -> Fire Mastery 150 | F10: Blazing Combo | G10: Damage | H10: Fire Punch; Fire Kick | I10: Scroll | J10: Blazing Fist Scroll | K10: Fire Mastery, Magic Atk | L10: Three-hit combo; the last hit knocks the target back 1 tile. | M10: Targeted | N10: Adjacent enemy. The final hit pushes it directly away from you (snapped to 8 directions). | O10: 10 | P10: 10 | Q10: 0.6 | R10: 70 | S10: +10 Fire Mastery when learned, +0.6 per use vs. enemies near your level, up to 70
A11: F10 | B11: Fire | C11: Flame Martial | D11: 3 | E11: =B11&" Mastery "&INDEX(Tiers!$B$2:$B$6,MATCH(D11,Tiers!$A$2:$A$6,0)) -> Fire Mastery 350 | F11: Flame Wheel | G11: AoE damage | H11: Flame Dash | I11: Scroll | J11: Wheel of Flame Scroll | K11: Fire Mastery, Magic Atk | L11: Spinning kick hitting every adjacent enemy; bonus damage for each Flame Dash charge spent in the last 5s. | M11: Self | N11: Hits all 8 tiles around you. | O11: 10 | P11: 15 | Q11: 0.8 | R11: 100 | S11: +15 Fire Mastery when learned, +0.8 per use vs. enemies near your level, up to 100
A12: F11 | B12: Fire | C12: Flame Martial | D12: 3 | E12: =B12&" Mastery "&INDEX(Tiers!$B$2:$B$6,MATCH(D12,Tiers!$A$2:$A$6,0)) -> Fire Mastery 350 | F12: Jet Propulsion | G12: Mobility | H12: Flame Dash | I12: Scroll | J12: Scroll of Rising Jets | K12: Fire Mastery, Magic Atk | L12: Fly on fire jets for 3s, ignoring height and gaps. | M12: Self | N12: No target; move freely while it lasts. | O12: 25 | P12: 15 | Q12: 0.8 | R12: 100 | S12: +15 Fire Mastery when learned, +0.8 per use vs. enemies near your level, up to 100
A13: F12 | B13: Fire | C13: Fire Blasts | D13: 3 | E13: =B13&" Mastery "&INDEX(Tiers!$B$2:$B$6,MATCH(D13,Tiers!$A$2:$A$6,0)) -> Fire Mastery 350 | F13: Fire Stream | G13: Damage | H13: Fireball | I13: Scroll | J13: Firestream Scroll | K13: Fire Mastery, Magic Atk | L13: Channel a 4-tile line of fire for 2s. | M13: Skillshot | N13: Aim at any angle. The beam covers the 4 tiles along that line; you can slowly rotate it while channeling. | O13: 12 | P13: 15 | Q13: 0.8 | R13: 100 | S13: +15 Fire Mastery when learned, +0.8 per use vs. enemies near your level, up to 100
... A146: H20 | B146: Hammer | C146: Juggernaut | D146: 5 | E146: =B146&" Mastery "&INDEX(Tiers!$B$2:$B$6,MATCH(D146,Tiers!$A$2:$A$6,0)) -> Hammer Mastery 900 | F146: Titan's Fury | G146: Self buff | H146: Juggernaut Charge; Hammer Cyclone | I146: Hammer | J146: Titan's Maul | K146: Hammer Mastery, Phys Atk | L146: 12s: every hammer hit also damages enemies adjacent to the target. | M146: Self | N146: No target; extra damage hits enemies next to whatever you strike. | O146: 120 | P146: 50 | Q146: 10 | R146: 200 | S146: +50 Hammer Mastery when learned, +10.0 per use vs. enemies near your level, up to 200

Sheet Tiers
A1: Tier | B1: Mastery Required | C1: Meaning
A2: 1 | B2: 0 | C2: Starter abilities, learnable right away
A3: 2 | B3: 150 | C3: First upgrades
A4: 3 | B4: 350 | C4: Core specialty abilities; hybrid abilities need 350 in a second tree
A5: 4 | B5: 600 | C5: Advanced and hybrid abilities
A6: 5 | B6: 900 | C6: Capstones
A8: Edit the yellow cells to retune every threshold; the Abilities sheet updates automatically.

Sheet Trees
A1: Tree | B1: Item Type | C1: Mastery Stat | D1: Focus | E1: Branches | F1: Abilities | G1: Tier 1 | H1: Tier 2 | I1: Tier 3 | J1: Tier 4 | K1: Tier 5
A2: Fire | B2: Scroll | C2: Fire Mastery | D2: Pure DPS | E2: Flame Martial, Fire Blasts, Advanced Fire | F2: =COUNTIF(Abilities!$B:$B,A2) -> 21 | G2: =COUNTIFS(Abilities!$B:$B,$A2,Abilities!$D:$D,1) -> 4 | H2: =COUNTIFS(Abilities!$B:$B,$A2,Abilities!$D:$D,2) -> 5 | I2: =COUNTIFS(Abilities!$B:$B,$A2,Abilities!$D:$D,3) -> 5 | J2: =COUNTIFS(Abilities!$B:$B,$A2,Abilities!$D:$D,4) -> 4 | K2: =COUNTIFS(Abilities!$B:$B,$A2,Abilities!$D:$D,5) -> 3
A3: Earth | B3: Scroll | C3: Earth Mastery | D3: Tanking + reshaping terrain | E3: Stone Guard, Terraform, Specialty Bending | F3: =COUNTIF(Abilities!$B:$B,A3) -> 20 | G3: =COUNTIFS(Abilities!$B:$B,$A3,Abilities!$D:$D,1) -> 4 | H3: =COUNTIFS(Abilities!$B:$B,$A3,Abilities!$D:$D,2) -> 5 | I3: =COUNTIFS(Abilities!$B:$B,$A3,Abilities!$D:$D,3) -> 5 | J3: =COUNTIFS(Abilities!$B:$B,$A3,Abilities!$D:$D,4) -> 4 | K3: =COUNTIFS(Abilities!$B:$B,$A3,Abilities!$D:$D,5) -> 2
A4: Water | B4: Scroll | C4: Water Mastery | D4: Healing + buffing | E4: Healing, Currents, Blessings, Ice | F4: =COUNTIF(Abilities!$B:$B,A4) -> 23 | G4: =COUNTIFS(Abilities!$B:$B,$A4,Abilities!$D:$D,1) -> 4 | H4: =COUNTIFS(Abilities!$B:$B,$A4,Abilities!$D:$D,2) -> 5 | I4: =COUNTIFS(Abilities!$B:$B,$A4,Abilities!$D:$D,3) -> 5 | J4: =COUNTIFS(Abilities!$B:$B,$A4,Abilities!$D:$D,4) -> 6 | K4: =COUNTIFS(Abilities!$B:$B,$A4,Abilities!$D:$D,5) -> 3
A5: Air | B5: Scroll | C5: Air Mastery | D5: Crowd control | E5: Winds, Breath, Flight | F5: =COUNTIF(Abilities!$B:$B,A5) -> 21 | G5: =COUNTIFS(Abilities!$B:$B,$A5,Abilities!$D:$D,1) -> 4 | H5: =COUNTIFS(Abilities!$B:$B,$A5,Abilities!$D:$D,2) -> 5 | I5: =COUNTIFS(Abilities!$B:$B,$A5,Abilities!$D:$D,3) -> 5 | J5: =COUNTIFS(Abilities!$B:$B,$A5,Abilities!$D:$D,4) -> 5 | K5: =COUNTIFS(Abilities!$B:$B,$A5,Abilities!$D:$D,5) -> 2
A6: Sword | B6: Sword | C6: Sword Mastery | D6: Melee DPS | E6: Blade, Guard, Footwork | F6: =COUNTIF(Abilities!$B:$B,A6) -> 20 | G6: =COUNTIFS(Abilities!$B:$B,$A6,Abilities!$D:$D,1) -> 4 | H6: =COUNTIFS(Abilities!$B:$B,$A6,Abilities!$D:$D,2) -> 5 | I6: =COUNTIFS(Abilities!$B:$B,$A6,Abilities!$D:$D,3) -> 5 | J6: =COUNTIFS(Abilities!$B:$B,$A6,Abilities!$D:$D,4) -> 4 | K6: =COUNTIFS(Abilities!$B:$B,$A6,Abilities!$D:$D,5) -> 2
A7: Bow | B7: Bow | C7: Bow Mastery | D7: Ranged DPS | E7: Marksman, Survival, Volley | F7: =COUNTIF(Abilities!$B:$B,A7) -> 20 | G7: =COUNTIFS(Abilities!$B:$B,$A7,Abilities!$D:$D,1) -> 4 | H7: =COUNTIFS(Abilities!$B:$B,$A7,Abilities!$D:$D,2) -> 5 | I7: =COUNTIFS(Abilities!$B:$B,$A7,Abilities!$D:$D,3) -> 5 | J7: =COUNTIFS(Abilities!$B:$B,$A7,Abilities!$D:$D,4) -> 4 | K7: =COUNTIFS(Abilities!$B:$B,$A7,Abilities!$D:$D,5) -> 2
A8: Hammer | B8: Hammer | C8: Hammer Mastery | D8: Melee AoE | E8: Smash, Quake, Juggernaut | F8: =COUNTIF(Abilities!$B:$B,A8) -> 20 | G8: =COUNTIFS(Abilities!$B:$B,$A8,Abilities!$D:$D,1) -> 4 | H8: =COUNTIFS(Abilities!$B:$B,$A8,Abilities!$D:$D,2) -> 5 | I8: =COUNTIFS(Abilities!$B:$B,$A8,Abilities!$D:$D,3) -> 5 | J8: =COUNTIFS(Abilities!$B:$B,$A8,Abilities!$D:$D,4) -> 4 | K8: =COUNTIFS(Abilities!$B:$B,$A8,Abilities!$D:$D,5) -> 2
A9: Total | F9: =SUM(F2:F8) -> 145 | G9: =SUM(G2:G8) -> 28 | H9: =SUM(H2:H8) -> 35 | I9: =SUM(I2:I8) -> 35 | J9: =SUM(J2:J8) -> 31 | K9: =SUM(K2:K8) -> 16

Sheet Rules & Legend
A1: How the tree works
A2: Learning | B2: Every ability is taught by exactly one named item (Taught By). Scrolls teach bending, weapons teach weapon arts. A hero has a single learning slot: only the item in that slot earns AP toward its ability.
A3: Unlocking | B3: An ability can be learned once you meet its Mastery Required AND have mastered every ability listed in Prerequisites.
A4: Hybrids | B4: Prerequisites like 'Air Mastery 350' mean you also need 350 Mastery in a second tree. These are the cross-element abilities (Lightning, Lavabending, Sandstorm, Steam...).
A5: Scaling | B5: Damage, healing, shield size, duration and charges scale with the tree's Mastery stat plus the stat in Scales With.
A6: Specialist count | B6: Each tree has 20–23 abilities. A specialist who masters one tree and goes deep in a second (e.g. Fire + Sword) knows about 30.
A8: Editing
A9: Add an ability | B9: Add a row, give it a new ID (e.g. F22), pick Tree and Tier from the dropdowns, and copy the Mastery Required formula down from the row above.
A10: Prerequisites | B10: Write prerequisite ability names separated by semicolons, exactly as spelled in the Ability column.
A11: Blue numbers | B11: Cooldowns are starting values for playtesting — edit freely.
A12: Colors | B12: Row color = tree. Filter by Tree, Branch or Tier with the header arrows.
A14: Targeting
A15: Targeted | B15: Pick a unit; locks on and can't miss. Limits: range, line of sight, and any cast time the target can escape.
A16: Skillshot | B16: Aim at an enemy or a direction; the shot locks on release and travels along a tile line (any angle, or 8-way where noted). Misses if the target moved.
A17: Ground | B17: Pick a tile; the area is telegraphed before it goes off so units can step out.
A18: Self | B18: Centered on or affecting the caster; no aiming.
A19: Dodge rule | B19: A skillshot or telegraph is only dodgeable if its warning time is longer than the step cooldown plus ~0.3s reaction.
A21: Mastery growth
A22: On learn | B22: Mastering an ability (full AP) grants a one-time Mastery bonus in its tree (Mastery on Learn).
A23: Per use | B23: Each use against an enemy at or near your level adds Mastery per Use, until that ability has contributed its Mastery Cap in total.
A24: Defaults | B24: Tier 1: +5, +0.2, cap 50 | Tier 2: +10, +0.3, cap 70 | Tier 3: +15, +0.4, cap 100 | Tier 4: +25, +0.5, cap 150 | Tier 5: +50, +1, cap 200. Per-use gain is multiplied by cooldown so slow abilities keep pace: x2 for 10–29s, x4 for 30–89s, x10 for 90s+. All values are per row and editable.
A25: Pacing | B25: Tier 1 caps total 200, enough to reach Tier 2 (150). Tiers 1–2 reach Tier 3 (350); Tiers 1–3 reach Tier 4 (600); Tiers 1–4 reach Tier 5 (900). A hero must use a tree's abilities to climb it.
